{"classes": ["Healthy", "Powdery", "Rust"], "accuracy": 0.9396985173225403, "loss": 0.28512755036354065}